"Path","Lines","Dir"
"Assets\Scripts\Authentication\AuthFactory.cs","27","\CardGame\PokemonCardGame\Assets\Scripts\Authentication"
"Assets\Scripts\Authentication\AuthManager.cs","261","\CardGame\PokemonCardGame\Assets\Scripts\Authentication"
"Assets\Scripts\Authentication\FirebaseAuthService.cs","631","\CardGame\PokemonCardGame\Assets\Scripts\Authentication"
"Assets\Scripts\Authentication\FirebaseFirestoreService.cs","1631","\CardGame\PokemonCardGame\Assets\Scripts\Authentication"
"Assets\Scripts\Authentication\FirebaseInitializer.cs","97","\CardGame\PokemonCardGame\Assets\Scripts\Authentication"
"Assets\Scripts\Authentication\Interfaces\IAuthFactory.cs","23","\CardGame\PokemonCardGame\Assets\Scripts\Authentication\Interfaces"
"Assets\Scripts\Authentication\Interfaces\IAuthProvider.cs","15","\CardGame\PokemonCardGame\Assets\Scripts\Authentication\Interfaces"
"Assets\Scripts\Authentication\InternetChecker.cs","201","\CardGame\PokemonCardGame\Assets\Scripts\Authentication"
"Assets\Scripts\Authentication\Providers\Anonymous\AnonymousProvider.cs","83","\CardGame\PokemonCardGame\Assets\Scripts\Authentication\Providers\Anonymous"
"Assets\Scripts\Authentication\Providers\Anonymous\AnonymousSignInController.cs","71","\CardGame\PokemonCardGame\Assets\Scripts\Authentication\Providers\Anonymous"
"Assets\Scripts\Authentication\Providers\Google\AuthResponseHandler.cs","401","\CardGame\PokemonCardGame\Assets\Scripts\Authentication\Providers\Google"
"Assets\Scripts\Authentication\Providers\Google\FirebaseSignInController.cs","71","\CardGame\PokemonCardGame\Assets\Scripts\Authentication\Providers\Google"
"Assets\Scripts\Authentication\Providers\Google\GoogleProvider.cs","197","\CardGame\PokemonCardGame\Assets\Scripts\Authentication\Providers\Google"
"Assets\Scripts\Authentication\Providers\Google\GoogleSignInController.cs","113","\CardGame\PokemonCardGame\Assets\Scripts\Authentication\Providers\Google"
"Assets\Scripts\Authentication\Providers\Mail\EmailProvider.cs","157","\CardGame\PokemonCardGame\Assets\Scripts\Authentication\Providers\Mail"
"Assets\Scripts\Authentication\Providers\Mail\EmailSignInController.cs","71","\CardGame\PokemonCardGame\Assets\Scripts\Authentication\Providers\Mail"
"Assets\Scripts\Buttons\ParallelogramButton.cs","113","\CardGame\PokemonCardGame\Assets\Scripts\Buttons"
"Assets\Scripts\Buttons\ParallelogramContainer.cs","131","\CardGame\PokemonCardGame\Assets\Scripts\Buttons"
"Assets\Scripts\Buttons\TopButtonPanel.cs","57","\CardGame\PokemonCardGame\Assets\Scripts\Buttons"
"Assets\Scripts\Buttons\?ustomizableButton.cs","187","\CardGame\PokemonCardGame\Assets\Scripts\Buttons"
"Assets\Scripts\Card\ActionScripts\CardAttackExecutor.cs","427","\CardGame\PokemonCardGame\Assets\Scripts\Card\ActionScripts"
"Assets\Scripts\Card\ActionScripts\CardClickScript.cs","55","\CardGame\PokemonCardGame\Assets\Scripts\Card\ActionScripts"
"Assets\Scripts\Card\ActionScripts\CardMovemantScript.cs","631","\CardGame\PokemonCardGame\Assets\Scripts\Card\ActionScripts"
"Assets\Scripts\Card\ActionScripts\CardStateManager.cs","127","\CardGame\PokemonCardGame\Assets\Scripts\Card\ActionScripts"
"Assets\Scripts\Card\Animations\AirSlashAnimation.cs","201","\CardGame\PokemonCardGame\Assets\Scripts\Card\Animations"
"Assets\Scripts\Card\Animations\AnimationTestBench.cs","109","\CardGame\PokemonCardGame\Assets\Scripts\Card\Animations"
"Assets\Scripts\Card\Animations\AquaTailAnimation.cs","193","\CardGame\PokemonCardGame\Assets\Scripts\Card\Animations"
"Assets\Scripts\Card\Animations\AttackAnimationRegistry.cs","261","\CardGame\PokemonCardGame\Assets\Scripts\Card\Animations"
"Assets\Scripts\Card\Animations\BaseAttackAnimation.cs","19","\CardGame\PokemonCardGame\Assets\Scripts\Card\Animations"
"Assets\Scripts\Card\Animations\BelchAnimation.cs","179","\CardGame\PokemonCardGame\Assets\Scripts\Card\Animations"
"Assets\Scripts\Card\Animations\BraveBirdAnimation.cs","241","\CardGame\PokemonCardGame\Assets\Scripts\Card\Animations"
"Assets\Scripts\Card\Animations\BugBiteAnimation.cs","273","\CardGame\PokemonCardGame\Assets\Scripts\Card\Animations"
"Assets\Scripts\Card\Animations\BugBuzzAnimation.cs","153","\CardGame\PokemonCardGame\Assets\Scripts\Card\Animations"
"Assets\Scripts\Card\Animations\BugStrikeAnimation.cs","241","\CardGame\PokemonCardGame\Assets\Scripts\Card\Animations"
"Assets\Scripts\Card\Animations\DefaultMeleeAnimation.cs","151","\CardGame\PokemonCardGame\Assets\Scripts\Card\Animations"
"Assets\Scripts\Card\Animations\DigAnimation.cs","139","\CardGame\PokemonCardGame\Assets\Scripts\Card\Animations"
"Assets\Scripts\Card\Animations\DrillRunAnimation.cs","133","\CardGame\PokemonCardGame\Assets\Scripts\Card\Animations"
"Assets\Scripts\Card\Animations\ElectroBallAnimation.cs","193","\CardGame\PokemonCardGame\Assets\Scripts\Card\Animations"
"Assets\Scripts\Card\Animations\ElectrowebAnimation.cs","1131","\CardGame\PokemonCardGame\Assets\Scripts\Card\Animations"
"Assets\Scripts\Card\Animations\EmberAnimation.cs","183","\CardGame\PokemonCardGame\Assets\Scripts\Card\Animations"
"Assets\Scripts\Card\Animations\FireFangAnimation.cs","161","\CardGame\PokemonCardGame\Assets\Scripts\Card\Animations"
"Assets\Scripts\Card\Animations\FlareBlitzAnimation.cs","273","\CardGame\PokemonCardGame\Assets\Scripts\Card\Animations"
"Assets\Scripts\Card\Animations\FlashCannonAnimation.cs","159","\CardGame\PokemonCardGame\Assets\Scripts\Card\Animations"
"Assets\Scripts\Card\Animations\GrassKnotAnimation.cs","227","\CardGame\PokemonCardGame\Assets\Scripts\Card\Animations"
"Assets\Scripts\Card\Animations\GustAnimation.cs","245","\CardGame\PokemonCardGame\Assets\Scripts\Card\Animations"
"Assets\Scripts\Card\Animations\HeatWaveAnimation.cs","183","\CardGame\PokemonCardGame\Assets\Scripts\Card\Animations"
"Assets\Scripts\Card\Animations\HurricaneAnimation.cs","323","\CardGame\PokemonCardGame\Assets\Scripts\Card\Animations"
"Assets\Scripts\Card\Animations\InfernoAnimation.cs","191","\CardGame\PokemonCardGame\Assets\Scripts\Card\Animations"
"Assets\Scripts\Card\Animations\IronTailAnimation.cs","195","\CardGame\PokemonCardGame\Assets\Scripts\Card\Animations"
"Assets\Scripts\Card\Animations\NuzzleAnimation.cs","151","\CardGame\PokemonCardGame\Assets\Scripts\Card\Animations"
"Assets\Scripts\Card\Animations\PetalBlizzardAnimation.cs","223","\CardGame\PokemonCardGame\Assets\Scripts\Card\Animations"
"Assets\Scripts\Card\Animations\PetalDanceAnimation.cs","255","\CardGame\PokemonCardGame\Assets\Scripts\Card\Animations"
"Assets\Scripts\Card\Animations\PoisonStingAnimation.cs","193","\CardGame\PokemonCardGame\Assets\Scripts\Card\Animations"
"Assets\Scripts\Card\Animations\QuickAttackAnimation.cs","179","\CardGame\PokemonCardGame\Assets\Scripts\Card\Animations"
"Assets\Scripts\Card\Animations\RapidSpinAnimation.cs","145","\CardGame\PokemonCardGame\Assets\Scripts\Card\Animations"
"Assets\Scripts\Card\Animations\RazorLeafAnimation.cs","219","\CardGame\PokemonCardGame\Assets\Scripts\Card\Animations"
"Assets\Scripts\Card\Animations\ScratchAnimation.cs","187","\CardGame\PokemonCardGame\Assets\Scripts\Card\Animations"
"Assets\Scripts\Card\Animations\SlashAnimation.cs","159","\CardGame\PokemonCardGame\Assets\Scripts\Card\Animations"
"Assets\Scripts\Card\Animations\SludgeBombAnimation.cs","199","\CardGame\PokemonCardGame\Assets\Scripts\Card\Animations"
"Assets\Scripts\Card\Animations\SnakePathBinder.cs","201","\CardGame\PokemonCardGame\Assets\Scripts\Card\Animations"
"Assets\Scripts\Card\Animations\SolarBeamAnimation.cs","183","\CardGame\PokemonCardGame\Assets\Scripts\Card\Animations"
"Assets\Scripts\Card\Animations\SpitUpAnimation.cs","163","\CardGame\PokemonCardGame\Assets\Scripts\Card\Animations"
"Assets\Scripts\Card\Animations\SuperFangAnimation.cs","189","\CardGame\PokemonCardGame\Assets\Scripts\Card\Animations"
"Assets\Scripts\Card\Animations\TakeDownAnimation.cs","233","\CardGame\PokemonCardGame\Assets\Scripts\Card\Animations"
"Assets\Scripts\Card\Animations\VineWhipAnimation.cs","393","\CardGame\PokemonCardGame\Assets\Scripts\Card\Animations"
"Assets\Scripts\Card\Animations\WaterGunAnimation.cs","229","\CardGame\PokemonCardGame\Assets\Scripts\Card\Animations"
"Assets\Scripts\Card\Animations\WaterPulseAnimation.cs","181","\CardGame\PokemonCardGame\Assets\Scripts\Card\Animations"
"Assets\Scripts\Card\Animations\WaveCrashAnimation.cs","279","\CardGame\PokemonCardGame\Assets\Scripts\Card\Animations"
"Assets\Scripts\Card\Animations\WingAttackAnimation.cs","223","\CardGame\PokemonCardGame\Assets\Scripts\Card\Animations"
"Assets\Scripts\Card\Animations\WrapAnimation.cs","225","\CardGame\PokemonCardGame\Assets\Scripts\Card\Animations"
"Assets\Scripts\Card\CardControllerLink.cs","13","\CardGame\PokemonCardGame\Assets\Scripts\Card"
"Assets\Scripts\Card\CardDissolver.cs","119","\CardGame\PokemonCardGame\Assets\Scripts\Card"
"Assets\Scripts\Card\CardModel\CardModel.cs","223","\CardGame\PokemonCardGame\Assets\Scripts\Card\CardModel"
"Assets\Scripts\Card\CardModel\GameCardModelList.cs","17","\CardGame\PokemonCardGame\Assets\Scripts\Card\CardModel"
"Assets\Scripts\Card\CardModel\UserCardModelList.cs","17","\CardGame\PokemonCardGame\Assets\Scripts\Card\CardModel"
"Assets\Scripts\Card\CardOverlayManager.cs","155","\CardGame\PokemonCardGame\Assets\Scripts\Card"
"Assets\Scripts\Card\CardService\CardRepositoryService.cs","487","\CardGame\PokemonCardGame\Assets\Scripts\Card\CardService"
"Assets\Scripts\Card\Controller\AbilityClickScript.cs","201","\CardGame\PokemonCardGame\Assets\Scripts\Card\Controller"
"Assets\Scripts\Card\Controller\AbilityController.cs","123","\CardGame\PokemonCardGame\Assets\Scripts\Card\Controller"
"Assets\Scripts\Card\Controller\CardControllers\BaseCardController.cs","37","\CardGame\PokemonCardGame\Assets\Scripts\Card\Controller\CardControllers"
"Assets\Scripts\Card\Controller\CardControllers\BattleCardController.cs","343","\CardGame\PokemonCardGame\Assets\Scripts\Card\Controller\CardControllers"
"Assets\Scripts\Card\Controller\CardControllers\CardControllerFactory.cs","101","\CardGame\PokemonCardGame\Assets\Scripts\Card\Controller\CardControllers"
"Assets\Scripts\Card\Controller\CardControllers\CollectionCardController.cs","117","\CardGame\PokemonCardGame\Assets\Scripts\Card\Controller\CardControllers"
"Assets\Scripts\Card\Controller\CardControllers\DeckCardController.cs","99","\CardGame\PokemonCardGame\Assets\Scripts\Card\Controller\CardControllers"
"Assets\Scripts\Card\Controller\CardControllers\DeckEditorCardController.cs","107","\CardGame\PokemonCardGame\Assets\Scripts\Card\Controller\CardControllers"
"Assets\Scripts\Card\Controller\CardControllers\Interfaces\ICardController.cs","17","\CardGame\PokemonCardGame\Assets\Scripts\Card\Controller\CardControllers\Interfaces"
"Assets\Scripts\Card\Controller\CardListControllers\CardListController.cs","101","\CardGame\PokemonCardGame\Assets\Scripts\Card\Controller\CardListControllers"
"Assets\Scripts\Card\Controller\CardListControllers\DeckCardListController.cs","59","\CardGame\PokemonCardGame\Assets\Scripts\Card\Controller\CardListControllers"
"Assets\Scripts\Card\Controller\CardListControllers\DeckEditorCardListController.cs","73","\CardGame\PokemonCardGame\Assets\Scripts\Card\Controller\CardListControllers"
"Assets\Scripts\Card\Controller\CardListControllers\Interfaces\ICardListController.cs","15","\CardGame\PokemonCardGame\Assets\Scripts\Card\Controller\CardListControllers\Interfaces"
"Assets\Scripts\Card\FilterPanelView.cs","131","\CardGame\PokemonCardGame\Assets\Scripts\Card"
"Assets\Scripts\Card\ForEditCard\CardUITookitVisualDataSO.cs","43","\CardGame\PokemonCardGame\Assets\Scripts\Card\ForEditCard"
"Assets\Scripts\Card\ForEditCard\CardUIToolkitVisualRegistrySO.cs","93","\CardGame\PokemonCardGame\Assets\Scripts\Card\ForEditCard"
"Assets\Scripts\Card\ForEditCard\CardUIToolkitVisualTweaker.cs","131","\CardGame\PokemonCardGame\Assets\Scripts\Card\ForEditCard"
"Assets\Scripts\Card\ForEditCard\CardVisualDataSO.cs","35","\CardGame\PokemonCardGame\Assets\Scripts\Card\ForEditCard"
"Assets\Scripts\Card\ForEditCard\CardVisualRegistrySO.cs","93","\CardGame\PokemonCardGame\Assets\Scripts\Card\ForEditCard"
"Assets\Scripts\Card\ForEditCard\CardVisualTweaker.cs","139","\CardGame\PokemonCardGame\Assets\Scripts\Card\ForEditCard"
"Assets\Scripts\Card\Repository\CardRepository.cs","189","\CardGame\PokemonCardGame\Assets\Scripts\Card\Repository"
"Assets\Scripts\Card\SelectedDeck.cs","79","\CardGame\PokemonCardGame\Assets\Scripts\Card"
"Assets\Scripts\Card\TypeChart.cs","47","\CardGame\PokemonCardGame\Assets\Scripts\Card"
"Assets\Scripts\Card\View\BattleCardView.cs","131","\CardGame\PokemonCardGame\Assets\Scripts\Card\View"
"Assets\Scripts\Card\View\CardViewBase.cs","23","\CardGame\PokemonCardGame\Assets\Scripts\Card\View"
"Assets\Scripts\Card\View\CardViewHelper.cs","637","\CardGame\PokemonCardGame\Assets\Scripts\Card\View"
"Assets\Scripts\Card\View\CollectionCardView.cs","209","\CardGame\PokemonCardGame\Assets\Scripts\Card\View"
"Assets\Scripts\Card\View\DeckCardView.cs","125","\CardGame\PokemonCardGame\Assets\Scripts\Card\View"
"Assets\Scripts\Card\View\Interfaces\Interfaces.cs","95","\CardGame\PokemonCardGame\Assets\Scripts\Card\View\Interfaces"
"Assets\Scripts\GlobalMethods\BattleCardScaleAnimator.cs","109","\CardGame\PokemonCardGame\Assets\Scripts\GlobalMethods"
"Assets\Scripts\GlobalMethods\CardArrayExtensions.cs","123","\CardGame\PokemonCardGame\Assets\Scripts\GlobalMethods"
"Assets\Scripts\GlobalMethods\CardScaleAnimatorUIToolkit.cs","181","\CardGame\PokemonCardGame\Assets\Scripts\GlobalMethods"
"Assets\Scripts\GlobalMethods\CardsLoader.cs","37","\CardGame\PokemonCardGame\Assets\Scripts\GlobalMethods"
"Assets\Scripts\GlobalMethods\ConfigLoader.cs","25","\CardGame\PokemonCardGame\Assets\Scripts\GlobalMethods"
"Assets\Scripts\GlobalMethods\ConnectionConfig.cs","19","\CardGame\PokemonCardGame\Assets\Scripts\GlobalMethods"
"Assets\Scripts\GlobalMethods\Localizer.cs","263","\CardGame\PokemonCardGame\Assets\Scripts\GlobalMethods"
"Assets\Scripts\GlobalMethods\PullToRefreshController.cs","335","\CardGame\PokemonCardGame\Assets\Scripts\GlobalMethods"
"Assets\Scripts\GlobalMethods\SceneSwitcher.cs","203","\CardGame\PokemonCardGame\Assets\Scripts\GlobalMethods"
"Assets\Scripts\GlobalMethods\SVGRenderer.cs","71","\CardGame\PokemonCardGame\Assets\Scripts\GlobalMethods"
"Assets\Scripts\GlobalMethods\XmlDocumentCreater.cs","25","\CardGame\PokemonCardGame\Assets\Scripts\GlobalMethods"
"Assets\Scripts\Notification\ConfirmDialogController.cs","181","\CardGame\PokemonCardGame\Assets\Scripts\Notification"
"Assets\Scripts\Notification\NotificationKey.cs","63","\CardGame\PokemonCardGame\Assets\Scripts\Notification"
"Assets\Scripts\Notification\NotificationManager.cs","233","\CardGame\PokemonCardGame\Assets\Scripts\Notification"
"Assets\Scripts\SceneControllers\AnimationViewingScene\AnimationCardClickScript.cs","27","\CardGame\PokemonCardGame\Assets\Scripts\SceneControllers\AnimationViewingScene"
"Assets\Scripts\SceneControllers\AnimationViewingScene\AnimationCardMovemantScript.cs","291","\CardGame\PokemonCardGame\Assets\Scripts\SceneControllers\AnimationViewingScene"
"Assets\Scripts\SceneControllers\AnimationViewingScene\AnimationFieldManager.cs","43","\CardGame\PokemonCardGame\Assets\Scripts\SceneControllers\AnimationViewingScene"
"Assets\Scripts\SceneControllers\AnimationViewingScene\AnimationViewingSceneController.cs","153","\CardGame\PokemonCardGame\Assets\Scripts\SceneControllers\AnimationViewingScene"
"Assets\Scripts\SceneControllers\AnimationViewingScene\SwitchAbilityPanelController.cs","181","\CardGame\PokemonCardGame\Assets\Scripts\SceneControllers\AnimationViewingScene"
"Assets\Scripts\SceneControllers\BestiarySceneController.cs","753","\CardGame\PokemonCardGame\Assets\Scripts\SceneControllers"
"Assets\Scripts\SceneControllers\CollectionScene\CollectionSceneController.cs","243","\CardGame\PokemonCardGame\Assets\Scripts\SceneControllers\CollectionScene"
"Assets\Scripts\SceneControllers\CollectionScene\UserProfile\UserProfileService.cs","79","\CardGame\PokemonCardGame\Assets\Scripts\SceneControllers\CollectionScene\UserProfile"
"Assets\Scripts\SceneControllers\CollectionScene\UserProfile\UserProfileView.cs","83","\CardGame\PokemonCardGame\Assets\Scripts\SceneControllers\CollectionScene\UserProfile"
"Assets\Scripts\SceneControllers\DeckController\DeckController.cs","217","\CardGame\PokemonCardGame\Assets\Scripts\SceneControllers\DeckController"
"Assets\Scripts\SceneControllers\DeckController\DeckEditorController.cs","365","\CardGame\PokemonCardGame\Assets\Scripts\SceneControllers\DeckController"
"Assets\Scripts\SceneControllers\DeckController\DeckSelectionDialogController.cs","269","\CardGame\PokemonCardGame\Assets\Scripts\SceneControllers\DeckController"
"Assets\Scripts\SceneControllers\DeckController\DeckSelectionSceneController.cs","187","\CardGame\PokemonCardGame\Assets\Scripts\SceneControllers\DeckController"
"Assets\Scripts\SceneControllers\DeckController\DecksSceneController.cs","77","\CardGame\PokemonCardGame\Assets\Scripts\SceneControllers\DeckController"
"Assets\Scripts\SceneControllers\DescriptionSceneController.cs","347","\CardGame\PokemonCardGame\Assets\Scripts\SceneControllers"
"Assets\Scripts\SceneControllers\EmailSignInDialogController.cs","311","\CardGame\PokemonCardGame\Assets\Scripts\SceneControllers"
"Assets\Scripts\SceneControllers\EnterFriendNicknameDialogController.cs","251","\CardGame\PokemonCardGame\Assets\Scripts\SceneControllers"
"Assets\Scripts\SceneControllers\EnterNicknameDialogController.cs","199","\CardGame\PokemonCardGame\Assets\Scripts\SceneControllers"
"Assets\Scripts\SceneControllers\FriendController.cs","185","\CardGame\PokemonCardGame\Assets\Scripts\SceneControllers"
"Assets\Scripts\SceneControllers\FriendSelectionDialogController.cs","259","\CardGame\PokemonCardGame\Assets\Scripts\SceneControllers"
"Assets\Scripts\SceneControllers\FriendsSceneController.cs","63","\CardGame\PokemonCardGame\Assets\Scripts\SceneControllers"
"Assets\Scripts\SceneControllers\GameLoadingSceneController.cs","603","\CardGame\PokemonCardGame\Assets\Scripts\SceneControllers"
"Assets\Scripts\SceneControllers\LoadingSceneController.cs","263","\CardGame\PokemonCardGame\Assets\Scripts\SceneControllers"
"Assets\Scripts\SceneControllers\LobbyRoomState.cs","195","\CardGame\PokemonCardGame\Assets\Scripts\SceneControllers"
"Assets\Scripts\SceneControllers\LobbySceneController.cs","755","\CardGame\PokemonCardGame\Assets\Scripts\SceneControllers"
"Assets\Scripts\SceneControllers\OptionsSceneController.cs","131","\CardGame\PokemonCardGame\Assets\Scripts\SceneControllers"
"Assets\Scripts\SceneControllers\PlayerPresence.cs","53","\CardGame\PokemonCardGame\Assets\Scripts\SceneControllers"
"Assets\Scripts\SceneControllers\PlayingScene\AttackTargetingPanelController.cs","519","\CardGame\PokemonCardGame\Assets\Scripts\SceneControllers\PlayingScene"
"Assets\Scripts\SceneControllers\PlayingScene\BattleSystem\AttackManager.cs","507","\CardGame\PokemonCardGame\Assets\Scripts\SceneControllers\PlayingScene\BattleSystem"
"Assets\Scripts\SceneControllers\PlayingScene\BattleSystem\CardBattleState.cs","145","\CardGame\PokemonCardGame\Assets\Scripts\SceneControllers\PlayingScene\BattleSystem"
"Assets\Scripts\SceneControllers\PlayingScene\Bot\BotController.cs","191","\CardGame\PokemonCardGame\Assets\Scripts\SceneControllers\PlayingScene\Bot"
"Assets\Scripts\SceneControllers\PlayingScene\Bot\BotTurnManager.cs","267","\CardGame\PokemonCardGame\Assets\Scripts\SceneControllers\PlayingScene\Bot"
"Assets\Scripts\SceneControllers\PlayingScene\CameraViewManager.cs","269","\CardGame\PokemonCardGame\Assets\Scripts\SceneControllers\PlayingScene"
"Assets\Scripts\SceneControllers\PlayingScene\Game\CardSlot.cs","353","\CardGame\PokemonCardGame\Assets\Scripts\SceneControllers\PlayingScene\Game"
"Assets\Scripts\SceneControllers\PlayingScene\Game\FieldManager.cs","55","\CardGame\PokemonCardGame\Assets\Scripts\SceneControllers\PlayingScene\Game"
"Assets\Scripts\SceneControllers\PlayingScene\Game\Game.cs","13","\CardGame\PokemonCardGame\Assets\Scripts\SceneControllers\PlayingScene\Game"
"Assets\Scripts\SceneControllers\PlayingScene\Game\GameManager.cs","999","\CardGame\PokemonCardGame\Assets\Scripts\SceneControllers\PlayingScene\Game"
"Assets\Scripts\SceneControllers\PlayingScene\Game\HandManager.cs","83","\CardGame\PokemonCardGame\Assets\Scripts\SceneControllers\PlayingScene\Game"
"Assets\Scripts\SceneControllers\PlayingScene\GameInterfaceController.cs","987","\CardGame\PokemonCardGame\Assets\Scripts\SceneControllers\PlayingScene"
"Assets\Scripts\SceneControllers\PlayingScene\Network\NetworkAvatarSyncer.cs","277","\CardGame\PokemonCardGame\Assets\Scripts\SceneControllers\PlayingScene\Network"
"Assets\Scripts\SceneControllers\PlayingScene\Network\NetworkCardData.cs","37","\CardGame\PokemonCardGame\Assets\Scripts\SceneControllers\PlayingScene\Network"
"Assets\Scripts\SceneControllers\PlayingScene\Network\NetworkGameController.cs","1133","\CardGame\PokemonCardGame\Assets\Scripts\SceneControllers\PlayingScene\Network"
"Assets\Scripts\SceneControllers\PlayingScene\Network\NetworkGameTurnManager.cs","333","\CardGame\PokemonCardGame\Assets\Scripts\SceneControllers\PlayingScene\Network"
"Assets\Scripts\SceneControllers\PlayingScene\Network\NetworkRunnerController.cs","127","\CardGame\PokemonCardGame\Assets\Scripts\SceneControllers\PlayingScene\Network"
"Assets\Scripts\SceneControllers\PlayingScene\Network\NetworkRunnerHandler.cs","391","\CardGame\PokemonCardGame\Assets\Scripts\SceneControllers\PlayingScene\Network"
"Assets\Scripts\SceneControllers\PlayingScene\ObjectsSettingsForSpectrator.cs","79","\CardGame\PokemonCardGame\Assets\Scripts\SceneControllers\PlayingScene"
"Assets\Scripts\SceneControllers\PlayingScene\Overlay3DManager.cs","55","\CardGame\PokemonCardGame\Assets\Scripts\SceneControllers\PlayingScene"
"Assets\Scripts\SceneControllers\PlayingScene\StartPlaySceneController.cs","119","\CardGame\PokemonCardGame\Assets\Scripts\SceneControllers\PlayingScene"
"Assets\Scripts\SceneControllers\PlayingScene\ZoomElementsInteractionPanelController.cs","203","\CardGame\PokemonCardGame\Assets\Scripts\SceneControllers\PlayingScene"
"Assets\Scripts\SceneControllers\PlayingScene\ZoomEnemyFieldCardsElementsPanelController.cs","383","\CardGame\PokemonCardGame\Assets\Scripts\SceneControllers\PlayingScene"
"Assets\Scripts\SceneControllers\RoomController.cs","95","\CardGame\PokemonCardGame\Assets\Scripts\SceneControllers"
"Assets\Scripts\SceneControllers\RoomCreationDialogController.cs","249","\CardGame\PokemonCardGame\Assets\Scripts\SceneControllers"
"Assets\Scripts\SceneControllers\RoomManagerSceneController.cs","513","\CardGame\PokemonCardGame\Assets\Scripts\SceneControllers"
"Assets\Scripts\SceneControllers\SettingsController.cs","297","\CardGame\PokemonCardGame\Assets\Scripts\SceneControllers"
"Assets\Scripts\SceneControllers\SignInSceneController.cs","139","\CardGame\PokemonCardGame\Assets\Scripts\SceneControllers"
"Assets\Scripts\SceneControllers\UploadingSceneController.cs","223","\CardGame\PokemonCardGame\Assets\Scripts\SceneControllers"
"Assets\Scripts\UserClasses\Deck.cs","21","\CardGame\PokemonCardGame\Assets\Scripts\UserClasses"
"Assets\Scripts\UserClasses\Friend.cs","9","\CardGame\PokemonCardGame\Assets\Scripts\UserClasses"
"Assets\Scripts\UserClasses\User.cs","23","\CardGame\PokemonCardGame\Assets\Scripts\UserClasses"
"Assets\Scripts\UserClasses\UserData.cs","25","\CardGame\PokemonCardGame\Assets\Scripts\UserClasses"
"Assets\Scripts\UserClasses\UserSession.cs","17","\CardGame\PokemonCardGame\Assets\Scripts\UserClasses"
